-- 设置字符集
SET NAMES utf8mb4;
SET CHARACTER SET utf8mb4;
SET character_set_connection=utf8mb4;

-- 插入学院数据
INSERT IGNORE INTO Department (Dept_no, Dept_name, Dept_status) VALUES
('XJ', '信息与计算科学学院', '正常'),
('JS', '计算机与人工智能学院', '正常');

-- 插入专业数据
INSERT IGNORE INTO Domain (Dom_no, Dom_dept, Dom_number, Dom_name, Dom_shortname, Dom_status) VALUES
('XJ00', 'XJ', 0, '信息类', '信息类', '正常'),
('XJ01', 'XJ', 1, '信息与计算科学', '信计', '正常'),
('JS00', 'JS', 0, '计算机类', '计算机类', '正常'),
('JS01', 'JS', 1, '计算机科学与技术', '计科', '正常'),
('JS02', 'JS', 2, '人工智能', '智能', '正常');

-- 插入培养方案数据
INSERT IGNORE INTO TrainingProgram (TPno, TPdom, TPyear, TPname, TPstatus) VALUES
('TPXJ00-2023', 'XJ00', 2023, '信息与计算科学学院信息类培养方案（2023年版）', '可使用'),
('TPXJ01-2023', 'XJ01', 2023, '信息与计算科学学院信息与计算科学培养方案（2023年版）', '可使用'),
('TPJS00-2023', 'JS00', 2023, '计算机与人工智能学院计算机类培养方案（2023年版）', '可使用'),
('TPJS01-2023', 'JS01', 2023, '计算机与人工智能学院计算机科学与技术培养方案（2023年版）', '可使用'),
('TPJS02-2023', 'JS02', 2023, '计算机与人工智能学院人工智能培养方案（2023年版）', '可使用');

-- 插入班级数据
INSERT IGNORE INTO Class (Class_name, Class_dom, Class_attri, Class_year, Class_number, Class_status) VALUES
('XJ002502', 'XJ00', '普通', '25', 2, '正常'),
('XJ012301', 'XJ01', '普通', '23', 1, '正常'),
('JS002503', 'JS00', '普通', '25', 3, '正常'),
('JS012301', 'JS01', '普通', '23', 1, '正常'),
('JS022504', 'JS02', '普通', '25', 4, '正常');

-- 插入校区数据
INSERT IGNORE INTO Campus (Cam_name, Cam_status) VALUES
('南湖校区', '正常'),
('马房山校区', '正常');

-- 插入楼栋数据
INSERT IGNORE INTO Building (Bd_name, Bd_cam, Bd_shortname, Bd_attri, Bd_status) VALUES
('南湖校区博学东楼', '南湖校区', '博学东楼', '常规楼', '正常'),
('南湖校区博学西楼', '南湖校区', '博学西楼', '常规楼', '正常'),
('马房山校区理工楼', '马房山校区', '理工楼', '综合楼', '正常');

-- 插入教室数据
INSERT IGNORE INTO Classroom (Clrm_name, Clrm_bd, Clrm_floor, Clrm_shortname, Clrm_capacity, Clrm_status) VALUES
('南湖校区博学东楼103', '南湖校区博学东楼', '1', '03', 80, '正常'),
('南湖校区博学东楼201', '南湖校区博学东楼', '2', '01', 40, '正常'),
('南湖校区博学西楼104', '南湖校区博学西楼', '1', '04', 120, '正常'),
('南湖校区博学西楼305', '南湖校区博学西楼', '3', '05', 100, '正常'),
('马房山校区理工楼3F03', '马房山校区理工楼', '3F', '03', 120, '正常');

-- 插入学期数据
INSERT IGNORE INTO Semester (Seme_no, Seme_year, Seme_sequence, Week_max) VALUES
('20251', 2025, '1', 20);

-- 插入星期数据 (全部7个)
INSERT IGNORE INTO Dayofweek (Day) VALUES
('1'), ('2'), ('3'), ('4'), ('5'), ('6'), ('7');

-- 插入日期数据 (2025.9.1到2026.2.1)
INSERT IGNORE INTO Date (Date_no, Date_seme, Date_week, Date_dayofweek, Date_type, Date_holiday, Date_description) VALUES
('2025-09-01', '20251', 1, '1', '工作日', NULL, NULL),
('2025-09-02', '20251', 1, '2', '工作日', NULL, NULL),
('2025-09-03', '20251', 1, '3', '工作日', NULL, NULL),
('2025-09-04', '20251', 1, '4', '工作日', NULL, NULL),
('2025-09-05', '20251', 1, '5', '工作日', NULL, NULL),
('2025-09-06', '20251', 1, '6', '休息日', NULL, NULL),
('2025-09-07', '20251', 1, '7', '休息日', NULL, NULL),
('2025-09-08', '20251', 2, '1', '工作日', NULL, NULL),
('2025-09-09', '20251', 2, '2', '工作日', NULL, NULL),
('2025-09-10', '20251', 2, '3', '工作日', NULL, NULL),
('2025-09-11', '20251', 2, '4', '工作日', NULL, NULL),
('2025-09-12', '20251', 2, '5', '工作日', NULL, NULL),
('2025-09-13', '20251', 2, '6', '休息日', NULL, NULL),
('2025-09-14', '20251', 2, '7', '休息日', NULL, NULL),
('2025-09-15', '20251', 3, '1', '工作日', NULL, NULL),
('2025-09-16', '20251', 3, '2', '工作日', NULL, NULL),
('2025-09-17', '20251', 3, '3', '工作日', NULL, NULL),
('2025-09-18', '20251', 3, '4', '工作日', NULL, NULL),
('2025-09-19', '20251', 3, '5', '工作日', NULL, NULL),
('2025-09-20', '20251', 3, '6', '休息日', NULL, NULL),
('2025-09-21', '20251', 3, '7', '休息日', NULL, NULL),
('2025-09-22', '20251', 4, '1', '工作日', NULL, NULL),
('2025-09-23', '20251', 4, '2', '工作日', NULL, NULL),
('2025-09-24', '20251', 4, '3', '工作日', NULL, NULL),
('2025-09-25', '20251', 4, '4', '工作日', NULL, NULL),
('2025-09-26', '20251', 4, '5', '工作日', NULL, NULL),
('2025-09-27', '20251', 4, '6', '休息日', NULL, NULL),
('2025-09-28', '20251', 4, '7', '调休日', NULL, NULL),
('2025-09-29', '20251', 5, '1', '工作日', NULL, NULL),
('2025-09-30', '20251', 5, '2', '工作日', NULL, NULL),
('2025-10-01', '20251', 5, '3', '节假日', '国庆节', NULL),
('2025-10-02', '20251', 5, '4', '节假日', '国庆节', NULL),
('2025-10-03', '20251', 5, '5', '节假日', '国庆节', NULL),
('2025-10-04', '20251', 5, '6', '节假日', '国庆节', NULL),
('2025-10-05', '20251', 5, '7', '节假日', '国庆节', NULL),
('2025-10-06', '20251', 6, '1', '节假日', '国庆节', NULL),
('2025-10-07', '20251', 6, '2', '节假日', '国庆节', NULL),
('2025-10-08', '20251', 6, '3', '节假日', '国庆节', NULL),
('2025-10-09', '20251', 6, '4', '工作日', NULL, NULL),
('2025-10-10', '20251', 6, '5', '工作日', NULL, NULL),
('2025-10-11', '20251', 6, '6', '调休日', NULL, NULL),
('2025-10-12', '20251', 6, '7', '休息日', NULL, NULL),
('2025-10-13', '20251', 7, '1', '工作日', NULL, NULL),
('2025-10-14', '20251', 7, '2', '工作日', NULL, NULL),
('2025-10-15', '20251', 7, '3', '工作日', NULL, NULL),
('2025-10-16', '20251', 7, '4', '工作日', NULL, NULL),
('2025-10-17', '20251', 7, '5', '工作日', NULL, NULL),
('2025-10-18', '20251', 7, '6', '休息日', NULL, NULL),
('2025-10-19', '20251', 7, '7', '休息日', NULL, NULL),
('2025-10-20', '20251', 8, '1', '工作日', NULL, NULL),
('2025-10-21', '20251', 8, '2', '工作日', NULL, NULL),
('2025-10-22', '20251', 8, '3', '工作日', NULL, NULL),
('2025-10-23', '20251', 8, '4', '工作日', NULL, NULL),
('2025-10-24', '20251', 8, '5', '工作日', NULL, NULL),
('2025-10-25', '20251', 8, '6', '休息日', NULL, NULL),
('2025-10-26', '20251', 8, '7', '休息日', NULL, NULL),
('2025-10-27', '20251', 9, '1', '工作日', NULL, NULL),
('2025-10-28', '20251', 9, '2', '工作日', NULL, NULL),
('2025-10-29', '20251', 9, '3', '工作日', NULL, NULL),
('2025-10-30', '20251', 9, '4', '工作日', NULL, NULL),
('2025-10-31', '20251', 9, '5', '工作日', NULL, NULL),
('2025-11-01', '20251', 9, '6', '休息日', NULL, NULL),
('2025-11-02', '20251', 9, '7', '休息日', NULL, NULL),
('2025-11-03', '20251', 10, '1', '工作日', NULL, NULL),
('2025-11-04', '20251', 10, '2', '工作日', NULL, NULL),
('2025-11-05', '20251', 10, '3', '工作日', NULL, NULL),
('2025-11-06', '20251', 10, '4', '工作日', NULL, NULL),
('2025-11-07', '20251', 10, '5', '工作日', NULL, NULL),
('2025-11-08', '20251', 10, '6', '休息日', NULL, NULL),
('2025-11-09', '20251', 10, '7', '休息日', NULL, NULL),
('2025-11-10', '20251', 11, '1', '工作日', NULL, NULL),
('2025-11-11', '20251', 11, '2', '工作日', NULL, NULL),
('2025-11-12', '20251', 11, '3', '工作日', NULL, NULL),
('2025-11-13', '20251', 11, '4', '工作日', NULL, NULL),
('2025-11-14', '20251', 11, '5', '工作日', NULL, NULL),
('2025-11-15', '20251', 11, '6', '休息日', NULL, NULL),
('2025-11-16', '20251', 11, '7', '休息日', NULL, NULL),
('2025-11-17', '20251', 12, '1', '工作日', NULL, NULL),
('2025-11-18', '20251', 12, '2', '工作日', NULL, NULL),
('2025-11-19', '20251', 12, '3', '工作日', NULL, NULL),
('2025-11-20', '20251', 12, '4', '工作日', NULL, NULL),
('2025-11-21', '20251', 12, '5', '工作日', NULL, NULL),
('2025-11-22', '20251', 12, '6', '休息日', NULL, NULL),
('2025-11-23', '20251', 12, '7', '休息日', NULL, NULL),
('2025-11-24', '20251', 13, '1', '工作日', NULL, NULL),
('2025-11-25', '20251', 13, '2', '工作日', NULL, NULL),
('2025-11-26', '20251', 13, '3', '工作日', NULL, NULL),
('2025-11-27', '20251', 13, '4', '工作日', NULL, NULL),
('2025-11-28', '20251', 13, '5', '工作日', NULL, NULL),
('2025-11-29', '20251', 13, '6', '休息日', NULL, NULL),
('2025-11-30', '20251', 13, '7', '休息日', NULL, NULL),
('2025-12-01', '20251', 14, '1', '工作日', NULL, NULL),
('2025-12-02', '20251', 14, '2', '工作日', NULL, NULL),
('2025-12-03', '20251', 14, '3', '工作日', NULL, NULL),
('2025-12-04', '20251', 14, '4', '工作日', NULL, NULL),
('2025-12-05', '20251', 14, '5', '工作日', NULL, NULL),
('2025-12-06', '20251', 14, '6', '休息日', NULL, NULL),
('2025-12-07', '20251', 14, '7', '休息日', NULL, NULL),
('2025-12-08', '20251', 15, '1', '工作日', NULL, NULL),
('2025-12-09', '20251', 15, '2', '工作日', NULL, NULL),
('2025-12-10', '20251', 15, '3', '工作日', NULL, NULL),
('2025-12-11', '20251', 15, '4', '工作日', NULL, NULL),
('2025-12-12', '20251', 15, '5', '工作日', NULL, NULL),
('2025-12-13', '20251', 15, '6', '休息日', NULL, NULL),
('2025-12-14', '20251', 15, '7', '休息日', NULL, NULL),
('2025-12-15', '20251', 16, '1', '工作日', NULL, NULL),
('2025-12-16', '20251', 16, '2', '工作日', NULL, NULL),
('2025-12-17', '20251', 16, '3', '工作日', NULL, NULL),
('2025-12-18', '20251', 16, '4', '工作日', NULL, NULL),
('2025-12-19', '20251', 16, '5', '工作日', NULL, NULL),
('2025-12-20', '20251', 16, '6', '休息日', NULL, NULL),
('2025-12-21', '20251', 16, '7', '休息日', NULL, NULL),
('2025-12-22', '20251', 17, '1', '工作日', NULL, NULL),
('2025-12-23', '20251', 17, '2', '工作日', NULL, NULL),
('2025-12-24', '20251', 17, '3', '工作日', NULL, NULL),
('2025-12-25', '20251', 17, '4', '工作日', NULL, NULL),
('2025-12-26', '20251', 17, '5', '工作日', NULL, NULL),
('2025-12-27', '20251', 17, '6', '休息日', NULL, NULL),
('2025-12-28', '20251', 17, '7', '休息日', NULL, NULL),
('2025-12-29', '20251', 18, '1', '工作日', NULL, NULL),
('2025-12-30', '20251', 18, '2', '工作日', NULL, NULL),
('2025-12-31', '20251', 18, '3', '工作日', NULL, NULL),
('2026-01-01', '20251', 18, '4', '节假日', '元旦节', NULL),
('2026-01-02', '20251', 18, '5', '节假日', '元旦节', NULL),
('2026-01-03', '20251', 18, '6', '节假日', '元旦节', NULL),
('2026-01-04', '20251', 18, '7', '调休日', NULL, NULL),
('2026-01-05', '20251', 18, '1', '工作日', NULL, NULL),
('2026-01-06', '20251', 18, '2', '工作日', NULL, NULL),
('2026-01-07', '20251', 18, '3', '工作日', NULL, NULL),
('2026-01-08', '20251', 18, '4', '工作日', NULL, NULL),
('2026-01-09', '20251', 18, '5', '工作日', NULL, NULL),
('2026-01-10', '20251', 18, '6', '休息日', NULL, NULL),
('2026-01-11', '20251', 18, '7', '休息日', NULL, NULL),
('2026-01-12', '20251', 19, '1', '工作日', NULL, NULL),
('2026-01-13', '20251', 19, '2', '工作日', NULL, NULL),
('2026-01-14', '20251', 19, '3', '工作日', NULL, NULL),
('2026-01-15', '20251', 19, '4', '工作日', NULL, NULL),
('2026-01-16', '20251', 19, '5', '工作日', NULL, NULL),
('2026-01-17', '20251', 19, '6', '休息日', NULL, NULL),
('2026-01-18', '20251', 19, '7', '休息日', NULL, NULL),
('2026-01-19', '20251', 20, '1', '工作日', NULL, NULL),
('2026-01-20', '20251', 20, '2', '工作日', NULL, NULL),
('2026-01-21', '20251', 20, '3', '工作日', NULL, NULL),
('2026-01-22', '20251', 20, '4', '工作日', NULL, NULL),
('2026-01-23', '20251', 20, '5', '工作日', NULL, NULL),
('2026-01-24', '20251', 20, '6', '休息日', NULL, NULL),
('2026-01-25', '20251', 20, '7', '休息日', NULL, NULL),
('2026-01-26', '20251', 21, '1', '工作日', NULL, NULL),
('2026-01-27', '20251', 21, '2', '工作日', NULL, NULL),
('2026-01-28', '20251', 21, '3', '工作日', NULL, NULL),
('2026-01-29', '20251', 21, '4', '工作日', NULL, NULL),
('2026-01-30', '20251', 21, '5', '工作日', NULL, NULL),
('2026-01-31', '20251', 21, '6', '休息日', NULL, NULL),
('2026-02-01', '20251', 21, '7', '休息日', NULL, NULL);

-- 插入课节数据 (全部13个)
INSERT IGNORE INTO Lesson (Lno, Ltime_begin, Ltime_end) VALUES
('01', '08:00', '08:45'),
('02', '08:50', '09:35'),
('03', '09:55', '10:40'),
('04', '10:45', '11:30'),
('05', '11:35', '12:20'),
('06', '14:00', '14:45'),
('07', '14:50', '15:35'),
('08', '15:40', '16:25'),
('09', '16:45', '17:30'),
('10', '17:35', '18:20'),
('11', '19:00', '19:45'),
('12', '19:50', '20:35'),
('13', '20:40', '21:25');

-- 插入用户数据 (10个，5种角色各2个)
-- 学生用户
INSERT IGNORE INTO User (Uno, Upswd, Urole, Utime, Ustatus) VALUES
('S202300001', SHA2('student123', 256), '学生', NOW(), '离线'),
('S202300002', SHA2('student123', 256), '学生', NOW(), '离线'),
('S202300003', SHA2('student123', 256), '学生', NOW(), '离线'),
('S202300004', SHA2('student123', 256), '学生', NOW(), '离线'),
('S202300005', SHA2('student123', 256), '学生', NOW(), '离线');


-- 教授用户
INSERT IGNORE INTO User (Uno, Upswd, Urole, Utime, Ustatus) VALUES
('P202100001', SHA2('professor123', 256), '教授', NOW(), '离线'),
('P202100002', SHA2('professor123', 256), '教授', NOW(), '离线'),
('P202100003', SHA2('professor123', 256), '教授', NOW(), '离线'),
('P202100004', SHA2('professor123', 256), '教授', NOW(), '离线'),
('P202100005', SHA2('professor123', 256), '教授', NOW(), '离线');

-- 学院教学办管理员用户
INSERT IGNORE INTO User (Uno, Upswd, Urole, Utime, Ustatus) VALUES
('DA20190001', SHA2('deptadm123', 256), '学院教学办管理员', NOW(), '离线'),
('DA20190002', SHA2('deptadm123', 256), '学院教学办管理员', NOW(), '离线');

-- 学校教务处管理员用户
INSERT IGNORE INTO User (Uno, Upswd, Urole, Utime, Ustatus) VALUES
('UA20190001', SHA2('univadm123', 256), '学校教务处管理员', NOW(), '离线'),
('UA20190002', SHA2('univadm123', 256), '学校教务处管理员', NOW(), '离线');

-- 其他人员用户
INSERT IGNORE INTO User (Uno, Upswd, Urole, Utime, Ustatus) VALUES
('O000000000', 'SYSTEM', '其他人员', NOW(), '离线');

-- 插入学生数据
INSERT IGNORE INTO Student (Sno, Syear, Snumber, Sname, Ssex, Sclass, Sstatus) VALUES
('S202300001', 2023, 1, '张三', '男', 'XJ002502', '在读'),
('S202300002', 2023, 2, '李四', '女', 'XJ012301', '在读'),
('S202300003', 2023, 3, '王五', '男', 'JS002503', '在读'),
('S202300004', 2023, 4, '赵六', '女', 'JS012301', '在读'),
('S202300005', 2023, 5, '钱七', '男', 'JS022504', '在读');

-- 插入教授数据
INSERT IGNORE INTO Professor (Pno, Pyear, Pnumber, Pname, Psex, Ptitle, Pdept, Poffice, Pstatus) VALUES
('P202100001', 2021, 1, '王五', '男', '教授', 'XJ', '爱特楼801', '在职'),
('P202100002', 2021, 2, '赵六', '女', '副教授', 'XJ', '学海楼502', '在职'),
('P202100003', 2021, 3, '钱七', '男', '副教授', 'JS', '学海楼503', '在职'),
('P202100004', 2021, 4, '孙八', '女', '教授', 'JS', '爱特楼802', '在职'),
('P202100005', 2021, 5, '周九', '男', '教授', 'JS', '爱特楼803', '在职');

-- 插入学院教学办管理员数据
INSERT IGNORE INTO Dept_Adm (DAno, DAyear, DAnumber, DAdept, DAname, DAstatus) VALUES
('DA20190001', 2019, 1, 'XJ', '陈七', '在职'),
('DA20190002', 2019, 2, 'JS', '刘八', '在职');

-- 插入学校教务处管理员数据
INSERT IGNORE INTO Univ_Adm (UAno, UAyear, UAnumber, UAname, UAstatus) VALUES
('UA20190001', 2019, 1, '孙九', '在职'),
('UA20190002', 2019, 2, '周十', '在职');

-- 插入其他人员数据
INSERT IGNORE INTO Other (Ono, Oyear, Onumber, Oname, Odescription) VALUES
('O000000000', 0000, 0, 'SYSTEM', '');

-- 插入业务控制数据
INSERT IGNORE INTO Curricular_isOpen (Semeno, Curricular_isOpen) VALUES ('20251', false);
INSERT IGNORE INTO Course_isOpen (Semeno, Course_isOpen) VALUES ('20251', false);
INSERT IGNORE INTO Enroll_isOpen (Semeno, Enroll_isOpen) VALUES ('20251', false);

-- 插入课程编号池数据
INSERT IGNORE INTO Cno_Pool (Cno, Cattri, Cdept, Cseme, Cnumber, Cno_status) VALUES
('CGBJS01000', '公共必修', 'JS', '01', 0, '不可用'),
('CZBXJ02000', '专业必修', 'XJ', '02', 0, '不可用'),
('CZBJS02000', '专业必修', 'JS', '02', 0, '不可用');

-- 插入课程数据
INSERT IGNORE INTO Curricular (Cno, Cname, Ccredit, C_classhour, C_eattri, Cdescription, Cstatus) VALUES
('CGBJS01000', 'C语言程序设计', 2, 20, '线下闭卷', '理工科学生必修计算机基础课程', '正常'),
('CZBXJ02000', '通信原理', 3, 30, '线下闭卷', '信息类学生必修基础课程', '正常'),
('CZBJS02000', '离散数学', 3, 40, '线下闭卷', '计算机类学生必修基础课程', '正常');

-- 提交事务
COMMIT;
